ID,CORE RELATIONS
0,movie.starring.actor
1,movie.starring.actor
2,movie.starring.actor
3,movie.starring.actor
4,movie.starring.actor
5,movie.starring.actor
6,movie.starring.actor
7,movie.starring.actor
8,movie.starring.actor
9,movie.starring.actor
10,movie.starring.actor
11,movie.starring.actor
12,movie.starring.actor
13,movie.starring.actor
14,movie.starring.actor
15,movie.starring.actor
16,movie.starring.actor
17,movie.starring.actor
18,movie.starring.actor
19,movie.starring.actor
20,movie.starring.actor
21,movie.starring.actor
22,movie.starring.actor
23,movie.starring.actor
24,movie.starring.actor
25,movie.starring.actor
26,movie.starring.actor
27,movie.starring.actor
28,movie.starring.actor
29,movie.starring.actor
30,movie.starring.actor
31,movie.starring.actor
32,movie.starring.actor
33,movie.starring.actor
34,movie.starring.actor
35,movie.starring.actor
36,movie.starring.actor
37,movie.starring.actor
38,movie.starring.actor
39,movie.starring.actor
40,movie.starring.actor
41,movie.starring.actor
42,movie.starring.actor
43,movie.starring.actor
44,movie.starring.actor
45,movie.starring.actor
46,movie.starring.actor
47,movie.starring.actor
48,movie.starring.actor
49,movie.starring.actor
50,movie.starring.actor
51,movie.starring.actor
52,movie.starring.actor
53,movie.starring.actor
54,movie.starring.actor
55,movie.starring.actor
56,movie.starring.actor
57,movie.starring.actor
58,movie.starring.actor
59,movie.starring.actor
60,movie.starring.actor
61,movie.starring.actor
62,movie.starring.actor
63,movie.starring.actor
64,movie.starring.actor
65,movie.starring.actor
66,movie.starring.actor
67,movie.starring.actor
68,movie.starring.actor
69,movie.starring.actor
70,movie.starring.actor
71,movie.starring.actor
72,movie.starring.actor
73,movie.starring.actor
74,movie.starring.actor
75,movie.starring.actor
76,movie.starring.actor
77,movie.starring.actor
78,movie.starring.actor
79,movie.starring.actor
80,movie.starring.actor
81,movie.starring.actor
82,movie.starring.actor
83,movie.starring.actor
84,movie.starring.actor
85,movie.starring.actor
86,movie.starring.actor
87,movie.starring.actor
88,movie.starring.actor
89,movie.starring.actor
90,movie.starring.actor
91,movie.starring.actor
92,movie.starring.actor
93,movie.starring.actor
94,movie.starring.actor
95,movie.starring.actor
96,movie.starring.actor
97,movie.starring.actor
98,movie.starring.actor
99,movie.starring.actor
100,movie.starring.actor
101,movie.starring.actor
102,movie.starring.actor
103,movie.starring.actor
104,movie.starring.actor
105,movie.starring.actor
106,movie.starring.actor
107,movie.starring.actor
108,movie.starring.actor
109,movie.starring.actor
110,movie.starring.actor
111,movie.starring.actor
112,movie.starring.actor
113,movie.starring.actor
114,movie.starring.actor
115,movie.starring.actor
116,movie.starring.actor
117,movie.starring.actor
118,movie.starring.actor
119,movie.starring.actor
120,movie.starring.actor
121,movie.starring.actor
122,movie.starring.actor
123,movie.starring.actor
124,movie.starring.actor
125,movie.starring.actor
126,movie.starring.actor
127,movie.starring.actor
128,movie.starring.actor
129,movie.starring.actor
130,movie.starring.actor
131,movie.starring.actor
132,movie.starring.actor
133,movie.starring.actor
134,movie.starring.actor
135,movie.starring.actor
136,movie.starring.actor
137,movie.starring.actor
138,movie.starring.actor
139,movie.starring.actor
140,movie.starring.actor
141,movie.starring.actor
142,movie.starring.actor
143,movie.starring.actor
144,movie.starring.actor
145,movie.starring.actor
146,movie.starring.actor
147,movie.starring.actor
148,movie.starring.actor
149,movie.starring.actor
150,movie.starring.actor
151,movie.starring.actor
152,movie.starring.actor
153,movie.starring.actor
154,movie.starring.actor
155,movie.starring.actor
156,movie.starring.actor
157,movie.starring.actor
158,movie.starring.actor
159,movie.starring.actor
160,movie.starring.actor
161,movie.starring.actor
162,movie.starring.actor
163,movie.starring.actor
164,movie.starring.actor
165,movie.starring.actor
166,movie.starring.actor
167,movie.starring.actor
168,movie.starring.actor
169,movie.starring.actor
170,movie.starring.actor
171,movie.starring.actor
172,movie.starring.actor
173,movie.starring.actor
174,movie.starring.actor
175,movie.starring.actor
176,movie.starring.actor
177,movie.starring.actor
178,movie.starring.actor
179,movie.starring.actor
180,movie.starring.actor
181,movie.starring.actor
182,movie.starring.actor
183,movie.starring.actor
184,movie.starring.actor
185,movie.starring.actor
186,movie.starring.actor
187,movie.starring.actor
188,movie.starring.actor
189,movie.starring.actor
190,movie.starring.actor
191,movie.starring.actor
192,movie.starring.actor
193,movie.starring.actor
194,movie.starring.actor
195,movie.starring.actor
196,movie.starring.actor
197,movie.starring.actor
198,movie.starring.actor
199,movie.starring.actor
200,movie.starring.actor
201,movie.starring.actor
202,movie.starring.actor
203,movie.starring.actor
204,movie.starring.actor
205,movie.starring.actor
206,movie.starring.actor
207,movie.starring.actor
208,movie.starring.actor
209,movie.starring.actor
210,movie.starring.actor
211,movie.starring.actor
212,movie.starring.actor
213,movie.starring.actor
214,movie.starring.actor
215,movie.starring.actor
216,movie.starring.actor
217,movie.starring.actor
218,movie.starring.actor
219,movie.starring.actor
220,movie.starring.actor
221,movie.starring.actor
222,movie.starring.actor
223,movie.starring.actor
224,movie.starring.actor
225,movie.starring.actor
226,movie.starring.actor
227,movie.starring.actor
228,movie.starring.actor
229,movie.starring.actor
230,movie.starring.actor
231,movie.starring.actor
232,movie.starring.actor
233,movie.starring.actor
234,movie.starring.actor
235,movie.starring.actor
236,movie.starring.actor
237,movie.starring.actor
238,movie.starring.actor
239,movie.starring.actor
240,movie.starring.actor
241,movie.starring.actor
242,movie.starring.actor
243,movie.starring.actor
244,movie.starring.actor
245,movie.starring.actor
246,movie.starring.actor
247,movie.starring.actor
248,movie.starring.actor
249,movie.starring.actor
250,movie.starring.actor
251,movie.starring.actor
252,movie.starring.actor
253,movie.starring.actor
254,movie.starring.actor
255,movie.starring.actor
256,movie.starring.actor
257,movie.starring.actor
258,movie.starring.actor
259,movie.starring.actor
260,movie.starring.actor
261,movie.starring.actor
262,movie.starring.actor
263,movie.starring.actor
264,movie.starring.actor
265,movie.starring.actor
266,movie.starring.actor
267,movie.starring.actor
268,movie.starring.actor
269,movie.starring.actor
270,movie.starring.actor
271,movie.starring.actor
272,movie.starring.actor
273,movie.starring.actor
274,movie.starring.actor
275,movie.starring.actor
276,movie.starring.actor
277,movie.starring.actor
278,movie.starring.actor
279,movie.starring.actor
280,movie.starring.actor
281,movie.starring.actor
282,movie.starring.actor
283,movie.starring.actor
284,movie.starring.actor
285,movie.starring.actor
286,movie.starring.actor
287,movie.starring.actor
288,movie.starring.actor
289,movie.starring.actor
290,movie.starring.actor
291,movie.starring.actor
292,movie.starring.actor
293,movie.starring.actor
294,movie.starring.actor
295,movie.starring.actor
296,movie.starring.actor
297,movie.starring.actor
298,movie.starring.actor
299,movie.starring.actor
300,movie.starring.actor
301,movie.starring.actor
302,movie.starring.actor
303,movie.starring.actor
304,movie.starring.actor
305,movie.starring.actor
306,movie.starring.actor
307,movie.starring.actor
308,movie.starring.actor
309,movie.starring.actor
310,movie.starring.actor
311,movie.starring.actor
312,movie.starring.actor
313,movie.starring.actor
314,movie.starring.actor
315,movie.starring.actor
316,movie.starring.actor
317,movie.starring.actor
318,movie.starring.actor
319,movie.starring.actor
320,movie.starring.actor
321,movie.starring.actor
322,movie.starring.actor
323,movie.starring.actor
324,movie.starring.actor
325,movie.starring.actor
326,movie.starring.actor
327,movie.starring.actor
328,movie.starring.actor
329,movie.starring.actor
330,movie.starring.actor
331,movie.starring.actor
332,movie.starring.actor
333,movie.starring.actor
334,movie.starring.actor
335,movie.starring.actor
336,movie.starring.actor
337,movie.starring.actor
338,movie.starring.actor
339,movie.starring.actor
340,movie.starring.actor
341,movie.starring.actor
342,movie.starring.actor
343,movie.starring.actor
344,movie.starring.actor
345,movie.starring.actor
346,movie.starring.actor
347,movie.starring.actor
348,movie.starring.actor
349,movie.starring.actor
350,movie.starring.actor
351,movie.starring.actor
352,movie.starring.actor
353,movie.starring.actor
354,movie.starring.actor
355,movie.starring.actor
356,movie.starring.actor
357,movie.starring.actor
358,movie.starring.actor
359,movie.starring.actor
360,movie.starring.actor
361,movie.starring.actor
362,movie.starring.actor
363,movie.starring.actor
364,movie.starring.actor
365,movie.starring.actor
366,movie.starring.actor
367,movie.starring.actor
368,movie.starring.actor
369,movie.starring.actor
370,movie.starring.actor
371,movie.starring.actor
372,movie.starring.actor
373,movie.starring.actor
374,movie.starring.actor
375,movie.starring.actor
376,movie.starring.actor
377,movie.starring.actor
378,movie.starring.actor
379,movie.starring.actor
380,movie.starring.actor
381,movie.starring.actor
382,movie.starring.actor
383,movie.starring.actor
384,movie.starring.actor
385,movie.starring.actor
386,movie.starring.actor
387,movie.starring.actor
388,movie.starring.actor
389,movie.starring.actor
390,movie.starring.actor
391,movie.starring.actor
392,movie.starring.actor
393,movie.starring.actor
394,movie.starring.actor
395,movie.starring.actor
396,movie.starring.actor
397,movie.starring.actor
398,movie.starring.actor
399,movie.starring.actor
400,movie.starring.actor
401,movie.starring.actor
402,movie.starring.actor
403,movie.starring.actor
404,movie.starring.actor
405,movie.starring.actor
406,movie.starring.actor
407,movie.starring.actor
408,movie.starring.actor
409,movie.starring.actor
410,movie.starring.actor
411,movie.starring.actor
412,movie.starring.actor
413,movie.starring.actor
414,movie.starring.actor
415,movie.starring.actor
416,movie.starring.actor
417,movie.starring.actor
418,movie.starring.actor
419,movie.starring.actor
420,movie.starring.actor
421,movie.starring.actor
422,movie.starring.actor
423,movie.starring.actor
424,movie.starring.actor
425,movie.starring.actor
426,movie.starring.actor
427,movie.starring.actor
428,movie.starring.actor
429,movie.starring.actor
430,movie.starring.actor
431,movie.starring.actor
432,movie.starring.actor
433,movie.starring.actor
434,movie.starring.actor
435,movie.starring.actor
436,movie.starring.actor
437,movie.starring.actor
438,movie.starring.actor
439,movie.starring.actor
440,movie.starring.actor
441,movie.starring.actor
442,movie.starring.actor
443,movie.starring.actor
444,movie.starring.actor
445,movie.starring.actor
446,movie.starring.actor
447,movie.starring.actor
448,movie.starring.actor
449,movie.starring.actor
450,movie.starring.actor
451,movie.starring.actor
452,movie.starring.actor
453,movie.starring.actor
454,movie.starring.actor
455,movie.starring.actor
456,movie.starring.actor
457,movie.starring.actor
458,movie.starring.actor
459,movie.starring.actor
460,movie.starring.actor
461,movie.starring.actor
462,movie.starring.actor
463,movie.starring.actor
464,movie.starring.actor
465,movie.starring.actor
466,movie.starring.actor
467,movie.starring.actor
468,movie.starring.actor
469,movie.starring.actor
470,movie.starring.actor
471,movie.starring.actor
472,movie.starring.actor
473,movie.starring.actor
474,movie.starring.actor
475,movie.starring.actor
476,movie.starring.actor
477,movie.starring.actor
478,movie.starring.actor
479,movie.starring.actor
480,movie.starring.actor
481,movie.starring.actor
482,movie.starring.actor
483,movie.starring.actor
484,movie.starring.actor
485,movie.starring.actor
486,movie.starring.actor
487,movie.starring.actor
488,movie.starring.actor
489,movie.starring.actor
490,movie.starring.actor
491,movie.starring.actor
492,movie.starring.actor
493,movie.starring.actor
494,movie.starring.actor
495,movie.starring.actor
496,movie.starring.actor
497,movie.starring.actor
498,movie.starring.actor
499,movie.starring.actor
500,movie.starring.actor
501,movie.starring.actor
502,movie.starring.actor
503,movie.starring.actor
504,movie.starring.actor
505,movie.starring.actor
506,movie.starring.actor
507,movie.starring.actor
508,movie.starring.actor
509,movie.starring.actor
510,movie.starring.actor
511,movie.starring.actor
512,movie.starring.actor
513,movie.starring.actor
514,movie.starring.actor
515,movie.starring.actor
516,movie.starring.actor
517,movie.starring.actor
518,movie.starring.actor
519,movie.starring.actor
520,movie.starring.actor
521,movie.starring.actor
522,movie.starring.actor
523,movie.starring.actor
524,movie.starring.actor
525,movie.starring.actor
526,movie.starring.actor
527,movie.starring.actor
528,movie.starring.actor
529,movie.starring.actor
530,movie.starring.actor
531,movie.starring.actor
532,movie.starring.actor
533,movie.starring.actor
534,movie.starring.actor
535,movie.starring.actor
536,movie.starring.actor
537,movie.starring.actor
538,movie.starring.actor
539,movie.starring.actor
540,movie.starring.actor
541,movie.starring.actor
542,movie.starring.actor
543,movie.starring.actor
544,movie.starring.actor
545,movie.starring.actor
546,movie.starring.actor
547,movie.starring.actor
548,movie.starring.actor
549,movie.starring.actor
550,movie.starring.actor
551,movie.starring.actor
552,movie.starring.actor
553,movie.starring.actor
554,movie.starring.actor
555,movie.starring.actor
556,movie.starring.actor
557,movie.starring.actor
558,movie.starring.actor
559,movie.starring.actor
560,movie.starring.actor
561,movie.starring.actor
562,movie.starring.actor
563,movie.starring.actor
564,movie.starring.actor
565,movie.starring.actor
566,movie.starring.actor
567,movie.starring.actor
568,movie.starring.actor
569,movie.starring.actor
570,movie.starring.actor
571,movie.starring.actor
572,movie.starring.actor
573,movie.starring.actor
574,movie.starring.actor
575,movie.starring.actor
576,movie.starring.actor
577,movie.starring.actor
578,movie.starring.actor
579,movie.starring.actor
580,movie.starring.actor
581,movie.starring.actor
582,movie.starring.actor
583,movie.starring.actor
584,movie.starring.actor
585,movie.starring.actor
586,movie.starring.actor
587,movie.starring.actor
588,movie.starring.actor
589,movie.starring.actor
590,movie.starring.actor
591,movie.starring.actor
592,movie.starring.actor
593,movie.starring.actor
594,movie.starring.actor
595,movie.starring.actor
596,movie.starring.actor
597,movie.starring.actor
598,movie.starring.actor
599,movie.starring.actor
600,movie.starring.actor
601,movie.starring.actor
602,movie.starring.actor
603,movie.starring.actor
604,movie.starring.actor
605,movie.starring.actor
606,movie.starring.actor
607,movie.starring.actor
608,movie.starring.actor
609,movie.starring.actor
610,movie.starring.actor
611,movie.starring.actor
612,movie.starring.actor
613,movie.starring.actor
614,movie.starring.actor
615,movie.starring.actor
616,movie.starring.actor
617,movie.starring.actor
618,movie.starring.actor
619,movie.starring.actor
620,movie.starring.actor
621,movie.starring.actor
622,movie.starring.actor
623,movie.starring.actor
624,movie.starring.actor
625,movie.starring.actor
626,movie.starring.actor
627,movie.starring.actor
628,movie.starring.actor
629,movie.starring.actor
630,movie.starring.actor
631,movie.starring.actor
632,movie.starring.actor
633,movie.starring.actor
634,movie.starring.actor
635,movie.starring.actor
636,movie.starring.actor
637,movie.starring.actor
638,movie.starring.actor
639,movie.starring.actor
640,movie.starring.actor
641,movie.starring.actor
642,movie.starring.actor
643,movie.starring.actor
644,movie.starring.actor
645,movie.starring.actor
646,movie.starring.actor
647,movie.starring.actor
648,movie.starring.actor
649,movie.starring.actor
650,movie.starring.actor
651,movie.starring.actor
652,movie.starring.actor
653,movie.starring.actor
654,movie.starring.actor
655,movie.starring.actor
656,movie.starring.actor
657,movie.starring.actor
658,movie.starring.actor
659,movie.starring.actor
660,movie.starring.actor
661,movie.starring.actor
662,movie.starring.actor
663,movie.starring.actor
664,movie.starring.actor
665,movie.starring.actor
666,movie.starring.actor
667,movie.starring.actor
668,movie.starring.actor
669,movie.starring.actor
670,movie.starring.actor
671,movie.starring.actor
672,movie.starring.actor
673,movie.starring.actor
674,movie.starring.actor
675,movie.starring.actor
676,movie.starring.actor
677,movie.starring.actor
678,movie.starring.actor
679,movie.starring.actor
680,movie.starring.actor
681,movie.starring.actor
682,movie.starring.actor
683,movie.starring.actor
684,movie.starring.actor
685,movie.starring.actor
686,movie.starring.actor
687,movie.starring.actor
688,movie.starring.actor
689,movie.starring.actor
690,movie.starring.actor
691,movie.starring.actor
692,movie.starring.actor
693,movie.starring.actor
694,movie.starring.actor
695,movie.starring.actor
696,movie.starring.actor
697,movie.starring.actor
698,movie.starring.actor
699,movie.starring.actor
700,movie.starring.actor
701,movie.starring.actor
702,movie.starring.actor
703,movie.starring.actor
704,movie.starring.actor
705,movie.starring.actor
706,movie.starring.actor
707,movie.starring.actor
708,movie.starring.actor
709,movie.starring.actor
710,movie.starring.actor
711,movie.starring.actor
712,movie.starring.actor
713,movie.starring.actor
714,movie.starring.actor
715,movie.starring.actor
716,movie.starring.actor
717,movie.starring.actor
718,movie.starring.actor
719,movie.starring.actor
720,movie.starring.actor
721,movie.starring.actor
722,movie.starring.actor
723,movie.starring.actor
724,movie.starring.actor
725,movie.starring.actor
726,movie.starring.actor
727,movie.starring.actor
728,movie.starring.actor
729,movie.starring.actor
730,movie.starring.actor
731,movie.starring.actor
732,movie.starring.actor
733,movie.starring.actor
734,movie.starring.actor
735,movie.starring.actor
736,movie.starring.actor
737,movie.starring.actor
738,movie.starring.actor
739,movie.starring.actor
740,movie.starring.actor
741,movie.starring.actor
742,movie.starring.actor
743,movie.starring.actor
744,movie.starring.actor
745,movie.starring.actor
746,movie.starring.actor
747,movie.starring.actor
748,movie.starring.actor
749,movie.starring.actor
750,movie.starring.actor
751,movie.starring.actor
752,movie.starring.actor
753,movie.starring.actor
754,movie.starring.actor
755,movie.starring.actor
756,movie.starring.actor
757,movie.starring.actor
758,movie.starring.actor
759,movie.starring.actor
760,movie.starring.actor
761,movie.starring.actor
762,movie.starring.actor
763,movie.starring.actor
764,movie.starring.actor
765,movie.starring.actor
766,movie.starring.actor
767,movie.starring.actor
768,movie.starring.actor
769,movie.starring.actor
770,movie.starring.actor
771,movie.starring.actor
772,movie.starring.actor
773,movie.starring.actor
774,movie.starring.actor
775,movie.starring.actor
776,movie.starring.actor
777,movie.starring.actor
778,movie.starring.actor
779,movie.starring.actor
780,movie.starring.actor
781,movie.starring.actor
782,movie.starring.actor
783,movie.starring.actor
784,movie.starring.actor
785,movie.starring.actor
786,movie.starring.actor
787,movie.starring.actor
788,movie.starring.actor
789,movie.starring.actor
790,movie.starring.actor
791,movie.starring.actor
792,movie.starring.actor
793,movie.starring.actor
794,movie.starring.actor
795,movie.starring.actor
796,movie.starring.actor
797,movie.starring.actor
798,movie.starring.actor
799,movie.starring.actor
800,movie.starring.actor
801,movie.starring.actor
802,movie.starring.actor
803,movie.starring.actor
804,movie.starring.actor
805,movie.starring.actor
806,movie.starring.actor
807,movie.starring.actor
808,movie.starring.actor
809,movie.starring.actor
810,movie.starring.actor
811,movie.starring.actor
812,movie.starring.actor
813,movie.starring.actor
814,movie.starring.actor
815,movie.starring.actor
816,movie.starring.actor
817,movie.starring.actor
818,movie.starring.actor
819,movie.starring.actor
820,movie.starring.actor
821,movie.starring.actor
822,movie.starring.actor
823,movie.starring.actor
824,movie.starring.actor
825,movie.starring.actor
826,movie.starring.actor
827,movie.starring.actor
828,movie.starring.actor
829,movie.starring.actor
830,movie.starring.actor
831,movie.starring.actor
832,movie.starring.actor
833,movie.starring.actor
834,movie.starring.actor
835,movie.starring.actor
836,movie.starring.actor
837,movie.starring.actor
838,movie.starring.actor
839,movie.starring.actor
840,movie.starring.actor
841,movie.starring.actor
842,movie.starring.actor
843,movie.starring.actor
844,movie.starring.actor
845,movie.starring.actor
846,movie.starring.actor
847,movie.starring.actor
848,movie.starring.actor
849,movie.starring.actor
850,movie.starring.actor
851,movie.starring.actor
852,movie.starring.actor
853,movie.starring.actor
854,movie.starring.actor
855,movie.starring.actor
856,movie.starring.actor
857,movie.starring.actor
858,movie.starring.actor
859,movie.starring.actor
860,movie.starring.actor
861,movie.starring.actor
862,movie.starring.actor
863,movie.starring.actor
864,movie.starring.actor
865,movie.starring.actor
866,movie.starring.actor
867,movie.starring.actor
868,movie.starring.actor
869,movie.starring.actor
870,movie.starring.actor
871,movie.starring.actor
872,movie.starring.actor
873,movie.starring.actor
874,movie.starring.actor
875,movie.starring.actor
876,movie.starring.actor
877,movie.starring.actor
878,movie.starring.actor
879,movie.starring.actor
880,movie.starring.actor
881,movie.starring.actor
882,movie.starring.actor
883,movie.starring.actor
884,movie.starring.actor
885,movie.starring.actor
886,movie.starring.actor
887,movie.starring.actor
888,movie.starring.actor
889,movie.starring.actor
890,movie.starring.actor
891,movie.starring.actor
892,movie.starring.actor
893,movie.starring.actor
894,movie.starring.actor
895,movie.starring.actor
896,movie.starring.actor
897,movie.starring.actor
898,movie.starring.actor
899,movie.starring.actor
900,movie.starring.actor
901,movie.starring.actor
902,movie.starring.actor
903,movie.starring.actor
904,movie.starring.actor
905,movie.starring.actor
906,movie.starring.actor
907,movie.starring.actor
908,movie.starring.actor
909,movie.starring.actor
910,movie.starring.actor
911,movie.starring.actor
912,movie.starring.actor
913,movie.starring.actor
914,movie.starring.actor
915,movie.starring.actor
916,movie.starring.actor
917,movie.starring.actor
918,movie.starring.actor
919,movie.starring.actor
920,movie.starring.actor
921,movie.starring.actor
922,movie.starring.actor
923,movie.starring.actor
924,movie.starring.actor
925,movie.starring.actor
926,movie.starring.actor
927,movie.starring.actor
928,movie.starring.actor
929,movie.starring.actor
930,movie.starring.actor
931,movie.starring.actor
932,movie.starring.actor
933,movie.starring.actor
934,movie.starring.actor
935,movie.starring.actor
936,movie.starring.actor
937,movie.starring.actor
938,movie.starring.actor
939,movie.starring.actor
940,movie.starring.actor
941,movie.starring.actor
942,movie.starring.actor
943,movie.starring.actor
944,movie.starring.actor
945,movie.starring.actor
946,movie.starring.actor
947,movie.starring.actor
948,movie.starring.actor
949,movie.starring.actor
950,movie.starring.actor
951,movie.starring.actor
952,movie.starring.actor
953,movie.starring.actor
954,movie.starring.actor
955,movie.starring.actor
956,movie.starring.actor
957,movie.starring.actor
958,movie.starring.actor
959,movie.starring.actor
960,movie.starring.actor
961,movie.starring.actor
962,movie.starring.actor
963,movie.starring.actor
964,movie.starring.actor
965,movie.starring.actor
966,movie.starring.actor
967,movie.starring.actor
968,movie.starring.actor
969,movie.starring.actor
970,movie.starring.actor
971,movie.starring.actor
972,movie.starring.actor
973,movie.starring.actor
974,movie.starring.actor
975,movie.starring.actor
976,movie.starring.actor
977,movie.starring.actor
978,movie.starring.actor
979,movie.starring.actor
980,movie.starring.actor
